﻿<?xml version="1.0" encoding="utf-8"?>
<LanguageData>

  <Palisade.label>木栅栏</Palisade.label>
  <Palisade.description>一个不可通过的木栅栏，看上去又脏又硬，但是对付掠夺者很有效.</Palisade.description>
  <Palisade_Blueprint.label>木栅栏(蓝图)</Palisade_Blueprint.label>
  <Palisade_Frame.label>木栅栏(建筑)</Palisade_Frame.label>
  <Palisade_Frame.description>一个不可通过的木栅栏，看上去又脏又硬，但是对付掠夺者很有效.</Palisade_Frame.description>

  <PalisadeLower.label>木栅栏垛口</PalisadeLower.label>
  <PalisadeLower.description>一个不可通过的木栅栏，看上去又脏又硬，但是对付掠夺者很有效.特意降低了高度以提供射击口.</PalisadeLower.description>
  <PalisadeLower_Blueprint.label>木栅栏垛口(蓝图)</PalisadeLower_Blueprint.label>
  <PalisadeLower_Frame.label>木栅栏垛口(建筑)</PalisadeLower_Frame.label>
  <PalisadeLower_Frame.description>一个不可通过的木栅栏，看上去又脏又硬，但是对付掠夺者很有效.特意降低了高度以提供射击口.</PalisadeLower_Frame.description>


</LanguageData>